<?xml version="1.0" encoding="UTF-8"?><rss version="2.0"
	xmlns:content="http://purl.org/rss/1.0/modules/content/"
	xmlns:wfw="http://wellformedweb.org/CommentAPI/"
	xmlns:dc="http://purl.org/dc/elements/1.1/"
	xmlns:atom="http://www.w3.org/2005/Atom"
	xmlns:sy="http://purl.org/rss/1.0/modules/syndication/"
	xmlns:slash="http://purl.org/rss/1.0/modules/slash/"
	>

<channel>
	<title>Short Life</title>
	<atom:link href="/feed" rel="self" type="application/rss+xml" />
	<link>/</link>
	<description></description>
	<lastBuildDate>Fri, 03 Jan 2025 08:37:26 +0000</lastBuildDate>
	<language>en-US</language>
	<sy:updatePeriod>
	hourly	</sy:updatePeriod>
	<sy:updateFrequency>
	1	</sy:updateFrequency>
	<generator>https://wordpress.org/?v=6.6.2</generator>
	<item>
		<title>Cats Love Cake</title>
		<link>/gs/cats-love-cake.html</link>
					<comments>/gs/cats-love-cake.html#respond</comments>
		
		<dc:creator><![CDATA[admin-pl]]></dc:creator>
		<pubDate>Sat, 30 Dec 2023 09:22:52 +0000</pubDate>
				<category><![CDATA[Kids Games]]></category>
		<category><![CDATA[Most Popular]]></category>
		<category><![CDATA[Race Games]]></category>
		<guid isPermaLink="false">https://iotest.com/?p=3244</guid>

					<description><![CDATA[]]></description>
										<content:encoded><![CDATA[]]></content:encoded>
					
					<wfw:commentRss>/gs/cats-love-cake.html/feed</wfw:commentRss>
			<slash:comments>0</slash:comments>
		
		
			</item>
	</channel>
</rss>
